-- phpMyAdmin SQL Dump
-- version 5.2.1
-- https://www.phpmyadmin.net/
--
-- Host: 127.0.0.1
-- Generation Time: Mar 01, 2024 at 09:48 PM
-- Server version: 10.4.32-MariaDB
-- PHP Version: 8.2.12

SET SQL_MODE = "NO_AUTO_VALUE_ON_ZERO";
START TRANSACTION;
SET time_zone = "+00:00";


/*!40101 SET @OLD_CHARACTER_SET_CLIENT=@@CHARACTER_SET_CLIENT */;
/*!40101 SET @OLD_CHARACTER_SET_RESULTS=@@CHARACTER_SET_RESULTS */;
/*!40101 SET @OLD_COLLATION_CONNECTION=@@COLLATION_CONNECTION */;
/*!40101 SET NAMES utf8mb4 */;

--
-- Database: `movie_database`
--

-- --------------------------------------------------------

--
-- Table structure for table `auto`
--

CREATE TABLE `auto` (
  `id` int(11) NOT NULL,
  `likes` int(11) NOT NULL DEFAULT 0,
  `dislikes` int(11) NOT NULL DEFAULT 0,
  `downloads` int(11) NOT NULL DEFAULT 0
) ENGINE=InnoDB DEFAULT CHARSET=utf8mb4 COLLATE=utf8mb4_general_ci;

--
-- Dumping data for table `auto`
--

INSERT INTO `auto` (`id`, `likes`, `dislikes`, `downloads`) VALUES
(1, 0, 0, 0),
(2, 0, 0, 0),
(3, 0, 0, 0),
(4, 0, 0, 0),
(5, 0, 0, 0),
(6, 0, 0, 0),
(7, 0, 0, 0),
(8, 1, 1, 1),
(9, 0, 0, 0),
(10, 0, 0, 0),
(11, 0, 0, 0),
(12, 0, 0, 1),
(13, 0, 0, 0),
(14, 1, 1, 0),
(15, 0, 0, 0),
(16, 0, 0, 0),
(17, 0, 0, 0),
(18, 0, 0, 0),
(19, 0, 0, 0),
(20, 0, 0, 0),
(21, 0, 0, 0),
(22, 0, 0, 0),
(23, 0, 0, 0),
(24, 0, 0, 0),
(25, 0, 0, 0),
(26, 0, 0, 0),
(27, 0, 0, 0),
(28, 0, 0, 0),
(29, 0, 0, 0),
(30, 0, 0, 0),
(31, 0, 0, 0),
(32, 0, 0, 0),
(33, 0, 0, 0),
(34, 0, 0, 0),
(35, 0, 0, 0),
(36, 0, 0, 0),
(37, 0, 0, 0),
(38, 0, 0, 0),
(39, 0, 0, 0),
(40, 0, 0, 0),
(41, 0, 0, 0),
(42, 0, 0, 0),
(43, 0, 0, 0),
(44, 0, 0, 0),
(45, 0, 0, 0),
(46, 0, 0, 0),
(47, 0, 0, 0),
(48, 0, 0, 0);

-- --------------------------------------------------------

--
-- Table structure for table `contactus`
--

CREATE TABLE `contactus` (
  `id` int(11) NOT NULL,
  `name` varchar(255) NOT NULL,
  `lastname` varchar(255) NOT NULL,
  `description` text NOT NULL
) ENGINE=InnoDB DEFAULT CHARSET=utf8mb4 COLLATE=utf8mb4_general_ci;

--
-- Dumping data for table `contactus`
--

INSERT INTO `contactus` (`id`, `name`, `lastname`, `description`) VALUES
(1, 'Mark', 'Otto', '2131231231'),
(2, 'Mark', 'Otto', '2131231231'),
(3, 'Mark', 'Otto', '3213'),
(4, 'Mark', 'Otto', '3213'),
(5, 'Mark', 'Otto', '3213'),
(6, 'dsa', 'dsada', 'dsadas'),
(7, 'dsadsad', 'dasda', 'dasdasdas'),
(8, 'dsad', 'dsadsa', 'dasdsad'),
(9, 'dsad', 'dsada', 'das'),
(10, 'dsad', 'dsada', 'das'),
(11, 'dsadasd', 'dsadasd', 'bbjbj'),
(12, 'dsadasd', 'dsadasd', 'bbjbj');

-- --------------------------------------------------------

--
-- Table structure for table `movies`
--

CREATE TABLE `movies` (
  `id` int(11) NOT NULL,
  `title` varchar(255) NOT NULL,
  `description` text NOT NULL,
  `poster_url` varchar(255) NOT NULL,
  `video_url` varchar(255) NOT NULL,
  `download_url` varchar(255) NOT NULL,
  `genre` varchar(255) NOT NULL,
  `img_url` varchar(255) NOT NULL,
  `img_url_2` varchar(255) NOT NULL
) ENGINE=InnoDB DEFAULT CHARSET=utf8mb4 COLLATE=utf8mb4_general_ci;

--
-- Dumping data for table `movies`
--

INSERT INTO `movies` (`id`, `title`, `description`, `poster_url`, `video_url`, `download_url`, `genre`, `img_url`, `img_url_2`) VALUES
(1, 'Animal', 'Animal is a 2023 Indian Hindi-language action drama film directed, edited and co-written by Sandeep Reddy Vanga. The film is produced by Bhushan Kumar, Pranay Reddy Vanga, Krishan Kumar and Murad Khetani under T-Series Films, Bhadrakali Pictures and Cine1 Studios. The film stars Ranbir Kapoor in the lead role along with Anil Kapoor, Bobby Deol, Rashmika Mandanna and Triptii Dimri in pivotal roles. In the film, Ranvijay Singh, son of a Delhi based business magnate Balbir Singh learns about an assassination attempt on his father and sets out on a path of vengeance and destruction.', '../assets/img/banner/Animal.webp', '../assets/video/1.mp4', '../assets/video/1.mp4', 'Aksion, Thriller, Aventurë, Krim, Thriller, Dramë', '../assets/img/Animal.jfif', 'assets/img/Animal.jfif'),
(2, 'Creed III', 'Creed III is a 2023 American sports drama film co-produced by, directed by, and starring Michael B. Jordan (in his directional debut). It is the sequel to Creed II (2018), the third installment in the Creed film series, and the ninth overall in the Rocky film series. The film also stars Tessa Thompson, Jonathan Majors, Wood Harris, Mila Davis-Kent, Florian Munteanu and Phylicia Rashad. Written by Keenan Coogler and Zach Baylin from a story they co-wrote with Ryan Coogler, the film sees the accomplished and recently retired boxer Adonis Creed (Jordan) come face-to-face with his childhood friend and former boxing prodigy Damian Anderson (Majors).', '../assets/img/banner/Creed%20III.jpg', '../assets/video/1.mp4', '../assets/video/1.mp4', 'Drama, Sport', '../assets/img/img1/Creed%20III.jpg', 'assets/img/img1/Creed%20III.jpg'),
(3, 'John Wick: Chapter 4', 'John Wick: Chapter 4 (also known as John Wick 4 or JW4 and known in Japan as John Wick: Consequences[5][6]) is a 2023 American neo-noir action thriller film directed and co-produced by Chad Stahelski and written by Shay Hatten and Michael Finch. The sequel to John Wick: Chapter 3 – Parabellum (2019) and the fourth installment in the John Wick franchise, the film stars Keanu Reeves as the title character, alongside Donnie Yen, Bill Skarsgård, Laurence Fishburne, Hiroyuki Sanada, Shamier Anderson, Lance Reddick, Rina Sawayama, Scott Adkins, Clancy Brown, and Ian McShane. In the film, John Wick sets out to get revenge on the High Table and those who left him for dead.', '../assets/img/banner/John%20Wick%20Chapter%204.jpg', '../assets/video/1.mp4', '../assets/video/1.mp4', 'Action, Crime, Thriller', '../assets/img/img1/John Wick Chapter 4.jpg', 'assets/img/img1/John Wick Chapter 4.jpg'),
(4, '65', '65 is a 2023 American science fiction film written and directed by Scott Beck and Bryan Woods, and starring Adam Driver. Driver plays an astronaut who crashes on an unknown planet with a challenging environment and attempts to help a young girl, played by Ariana Greenblatt, survive. Beck and Woods produced with Sam Raimi, Deborah Liebling, and Zainab Azizi.The film was released in the United States by Sony Pictures Releasing on March 10, 2023. It grossed $60 million worldwide on a budget of $45-$57 million, and received mixed reviews from critics.', '../assets/img/banner/65.jpg', '../assets/video/1.mp4', '../assets/video/1.mp4', 'Action, Adventure, Drama', '../assets/img/img1/65.jpg', 'assets/img/img1/65.jpg'),
(5, 'Shazam! Fury of the Gods', 'Shazam! Fury of the Gods is a 2023 American superhero film based on the DC character Shazam. Produced by New Line Cinema, DC Studios, and the Safran Company, and distributed by Warner Bros. Pictures, it is the sequel to Shazam! (2019) and the 12th installment in the DC Extended Universe (DCEU). Directed by David F. Sandberg and written by Henry Gayden and Chris Morgan, it stars Zachary Levi, Asher Angel, Jack Dylan Grazer, Rachel Zegler, Adam Brody, Ross Butler, D. J. Cotrona, Grace Caroline Currey, Meagan Good, Lucy Liu, Djimon Hounsou, and Helen Mirren. In the film, Billy Batson / Shazam and his foster siblings fight the Daughters of Atlas.', '../assets/img/banner/Shazam.png', '../assets/video/1.mp4', '../assets/video/1.mp4', 'Action, Adventure, Comedy', '../assets/img/img1/Shazam! Fury of the Gods.jpg', 'assets/img/img1/Shazam! Fury of the Gods.jpg'),
(6, 'Dungeons & Dragons: Honor Among Thieves', 'Dungeons & Dragons: Honor Among Thieves is a 2023 American fantasy heist action comedy film directed by Jonathan Goldstein and John Francis Daley, who co-wrote the screenplay with Michael Gilio from a story by Chris McKay and Gilio.[12][13][14] Based on the tabletop role-playing game Dungeons & Dragons, it is set in the Forgotten Realms campaign setting[1][2] and has no connections to the previous film trilogy released between 2000 and 2012. The film stars Chris Pine, Michelle Rodriguez, Regé-Jean Page, Justice Smith, Sophia Lillis, and Hugh Grant.[15]', '../assets/img/banner/Dungeons.jpg', '../assets/video/1.mp4', '../assets/video/1.mp4', 'Action, Adventure, Comedy', '../assets/img/img1/Dungeons & Dragons Honor Among Thieves.jpg', 'assets/img/img1/Dungeons & Dragons Honor Among Thieves.jpg'),
(7, 'Big George Foreman', 'Big George Foreman: The Miraculous Story of the Once and Future Heavyweight Champion of the World (or simply Big George Foreman)[4][a] is a 2023 American biographical sports drama film on the life of world heavyweight boxing champion George Foreman, played by Khris Davis. It was directed by George Tillman Jr. and also stars Jasmine Mathews, John Magaro, Sullivan Jones, Lawrence Gilliard Jr., Sonja Sohn and Forest Whitaker.', '../assets/img/banner/BigGeorge.jfif', '../assets/video/1.mp4', '../assets/video/1.mp4', 'Biography, Drama, Sport', '../assets/img/img1/Big George Foreman.png', 'assets/img/img1/Big George Foreman.png'),
(8, 'The Super Mario Bros. Movie ', 'The Super Mario Bros. Movie is a 2023 American animated adventure comedy film based on Nintendo Mario video game franchise. Produced by Universal Pictures, Illumination, and Nintendo, and distributed by Universal, it was directed by Aaron Horvath and Michael Jelenic and written by Matthew Fogel. The ensemble voice cast includes Chris Pratt, Anya Taylor-Joy, Charlie Day, Jack Black, Keegan-Michael Key, Seth Rogen, and Fred Armisen. The film features an origin story for the brothers Mario and Luigi, Italian-American plumbers who are separated after being transported to an alternate world and become entangled in a battle between the Mushroom Kingdom, led by Princess Peach, and the Koopas, led by Bowser.', '../assets/img/banner/TheSuper.jpg', '../assets/video/1.mp4', '../assets/video/1.mp4', 'Animation, Adventure, Comedy', '../assets/img/img1/The Super Mario Bros. Movie .jpg', 'assets/img/img1/The Super Mario Bros. Movie .jpg'),
(9, 'Harold and the Purple Crayon', 'Harold and the Purple Crayon is a 1955 children s picture book written and illustrated by Crockett Johnson. Published by Harper Collins Publishers, it is Johnson s most popular book, and has led to a series of other related books, as well as many adaptations. The story is written in third-person point-of-view, and follows a young boy on an imaginative adventure through the night.[1]', '../assets/img/banner/Harold.jpg', '../assets/video/1.mp4', '../assets/video/1.mp4', 'Animation, Family, Fantasy', '../assets/img/img1/Harold and the Purple Crayon.jpg', 'assets/img/img1/Harold and the Purple Crayon.jpg'),
(10, 'The Last Train to New York', 'Remake of the 2016 Korean film Train to Busan about a father traveling with his daughter on a train during a zombie outbreak. Remake of the 2016 Korean film Train to Busan about a father traveling with his daughter on a train during a zombie outbreak.', '../assets/img/banner/TheLastTrain.avif', '../assets/video/1.mp4', '../assets/video/1.mp4', 'Action, Horror, Thriller', '../assets/img/img1/The Last Train to New York.jpg', 'assets/img/img1/The Last Train to New York.jpg'),
(11, 'Peter Pan & Wendy', 'Peter Pan & Wendy is a 2023 American fantasy adventure film directed by David Lowery from a screenplay he co-wrote with Toby Halbrooks. Jim Whitaker served as producer on the Walt Disney Pictures production, which is a live-action remake of Walt Disney s 1953 animated feature film Peter Pan, in turn based on the 1904 play Peter Pan; or, the Boy Who Wouldn t Grow Up (also known as Peter and Wendy) by J. M. Barrie. The film stars Alexander Molony (in his film debut) and Ever Anderson in the title roles. Jude Law, Yara Shahidi, Alyssa Wapanatâhk, Joshua Pickering, Jacobi Jupe and Jim Gaffigan also appear in supporting roles. The story follows Peter Pan and Wendy, who go to the magical world of Neverland with Wendy s brothers and Peter s best friend Tinker Bell. Along the way, Wendy embarks on the adventure that will change her life and encounters Peter s archenemy Captain Hook.', '../assets/img/banner/PeterPan.webp', '../assets/video/1.mp4', '../assets/video/1.mp4', 'Action, Adventure, Comedy', '../assets/img/img1/Peter Pan & Wendy.jpg', 'assets/img/img1/Peter Pan & Wendy.jpg'),
(12, 'Fast X', 'Fast X (also known as Fast & Furious 10) is a 2023 American action film directed by Louis Leterrier from a screenplay written by Dan Mazeau and Justin Lin, both of whom also co-wrote the story with Zach Dean. It is the sequel to F9 (2021), the tenth main installment, and the eleventh installment overall in the Fast & Furious franchise. It stars Vin Diesel as Dominic Toretto alongside an ensemble cast including Michelle Rodriguez, Tyrese Gibson, Chris \"Ludacris\" Bridges, John Cena, Nathalie Emmanuel, Jordana Brewster, Sung Kang, Scott Eastwood, Daniela Melchior, Alan Ritchson, Helen Mirren, Brie Larson, Rita Moreno, Jason Statham, Jason Momoa, and Charlize Theron. In the film, Toretto must protect his family from Dante Reyes (Momoa), who seeks revenge for his father s death and the loss of his family s fortunes.', '../assets/img/banner/FastX.webp', '../assets/video/1.mp4', '../assets/video/1.mp4', 'Action, Adventure, Crime', '../assets/img/img1/Fast X.jpg', 'assets/img/img1/Fast X.jpg'),
(13, 'Are You There God? It s Me, Margaret', 'Are You There God? It s Me, Margaret. is a 2023 American coming-of-age comedy-drama film written and directed by Kelly Fremon Craig, based on the 1970 novel of the same name by Judy Blume.[5] The film stars Abby Ryder Fortson as the title character, along with Rachel McAdams, Elle Graham, Benny Safdie, and Kathy Bates.The film had its world premiere at the San Francisco International Film Festival on April 23, 2023, and was released theatrically in the United States on April 28, 2023, by Lionsgate. The film received critical acclaim and grossed $21 million worldwide.', '../assets/img/banner/AreYouThereGod.jpg', '../assets/video/1.mp4', '../assets/video/1.mp4', 'Comedy, Drama, Family', '../assets/img/img1/Are You There God It s Me Margaret.jpg', 'assets/img/img1/Are You There God It s Me Margaret.jpg'),
(14, 'Oppenheimer', 'Oppenheimer is a 2023 epic biographical thriller film[a] written, directed, and co-produced by Christopher Nolan,[9] starring Cillian Murphy as J. Robert Oppenheimer, the American theoretical physicist credited with being the \"father of the atomic bomb\" for his role in the Manhattan Project—the World War II undertaking that developed the first nuclear weapons. Based on the 2005 biography American Prometheus by Kai Bird and Martin J. Sherwin, the film chronicles the career of Oppenheimer, with the story predominantly focusing on his studies, his direction of the Manhattan Project during World War II, and his eventual fall from grace due to his 1954 security hearing. The film also stars Emily Blunt as Oppenheimer s wife \"Kitty\", Matt Damon as head of the Manhattan Project Leslie Groves, Robert Downey Jr. as United States Atomic Energy Commission member Lewis Strauss, and Florence Pugh as Oppenheimer s communist lover Jean Tatlock. The ensemble supporting cast includes Josh Hartnett, Casey Affleck, Rami Malek, and Kenneth Branagh.', '../assets/img/banner/Oppenheimer.jpg', '../assets/video/1.mp4', '../assets/video/1.mp4', 'Biography, Drama, History', '../assets/img/img1/Oppenheimer.jpg', 'assets/img/img1/Oppenheimer.jpg'),
(15, 'Mission: Impossible - Dead Reckoning Part One', 'Mission: Impossible is a series of American action spy films, based on the 1966 TV series created by Bruce Geller. The series is mainly produced by and stars Tom Cruise, who plays Ethan Hunt, an agent of the Impossible Missions Force (IMF). The films have been directed, written, and scored by various filmmakers and crew, while incorporating musical themes from the original series by Lalo Schifrin.', '../assets/img/banner/MissionImpossible.jpg', '../assets/video/1.mp4', '../assets/video/1.mp4', 'Action, Adventure, Thriller', '../assets/img/img1/Mission Impossible  Dead Reckoning Part One.jpg', 'assets/img/img1/Mission Impossible  Dead Reckoning Part One.jpg'),
(16, 'The Marvels', 'The Marvels is a 2023 American superhero film based on Marvel Comics. Produced by Marvel Studios and distributed by Walt Disney Studios Motion Pictures, it is the sequel to the film Captain Marvel (2019), a continuation of the television miniseries Ms. Marvel (2022), and the 33rd film in the Marvel Cinematic Universe (MCU). The film was directed by Nia DaCosta, who co-wrote the screenplay with Megan McDonnell and Elissa Karasik. It stars Brie Larson as Carol Danvers / Captain Marvel, Teyonah Parris as Monica Rambeau, and Iman Vellani as Kamala Khan / Ms. Marvel, alongside Zawe Ashton, Gary Lewis, Park Seo-joon, Zenobia Shroff, Mohan Kapur, Saagar Shaikh, and Samuel L. Jackson. In the film, Danvers, Rambeau, and Khan team up as \"the Marvels\" after they begin swapping places with each other every time they use their powers.', '../assets/img/banner/TheMarvels.jpg', '../assets/video/1.mp4', '../assets/video/1.mp4', 'Action, Adventure, Fantasy', '../assets/img/img1/The Marvels.jpg', 'assets/img/img1/The Marvels.jpg'),
(17, 'Wonka', 'Wonka is a 2023 musical fantasy film directed by Paul King, who co-wrote the screenplay with Simon Farnaby based on a story by King. It tells the origin story of Willy Wonka, a character in the 1964 novel Charlie and the Chocolate Factory by Roald Dahl, depicting his early days as a chocolatier.[6] The film stars Timothée Chalamet as the title character, with an ensemble cast including Calah Lane, Keegan-Michael Key, Paterson Joseph, Matt Lucas, Mathew Baynton, Sally Hawkins, Rowan Atkinson, Jim Carter, Olivia Colman, and Hugh Grant. It is the third live-action film based on Dahl s novel, following Willy Wonka & the Chocolate Factory (1971) and Charlie and the Chocolate Factory (2005).', '../assets/img/banner/Wonk.webp', '../assets/video/1.mp4', '../assets/video/1.mp4', 'Adventure, Comedy, Family', '../assets/img/img1/Wonka.jfif', 'assets/img/img1/Wonka.jfif'),
(18, 'Killers of the Flower Moon', 'Killers of the Flower Moon[a] is a 2023 American epic western crime drama film co-written, produced, and directed by Martin Scorsese. Eric Roth and Scorsese based their screenplay on the 2017 non-fiction book by David Grann.[7][8] Set in 1920s Oklahoma, it focuses on a series of murders of Osage members and relations in the Osage Nation after oil was discovered on tribal land. The tribal members had retained mineral rights on their reservation, but a corrupt local political boss sought to steal the wealth.[9]', '../assets/img/banner/KillersoftheFlowerMoon.jpg', '../assets/video/1.mp4', '../assets/video/1.mp4', 'Crime, Drama, Western', '../assets/img/img1/Killers of the Flower Moon.jpg', 'assets/img/img1/Killers of the Flower Moon.jpg'),
(19, 'Chicken Run: Dawn of the Nugget', 'Chicken Run: Dawn of the Nugget is a 2023 British animated comedy film directed by Sam Fell from a screenplay written by Karey Kirkpatrick, John O Farrell, and Rachel Tunnard, based on a story conceived by Kirkpatrick and O Farrell.[4] A sequel to Chicken Run (2000), the film was produced by Aardman Animations and stars the voices of Thandiwe Newton, Zachary Levi, Bella Ramsey, Romesh Ranganathan, David Bradley, Daniel Mays, Jane Horrocks, Imelda Staunton, Lynn Ferguson, Josie Sedgwick-Davies, Peter Serafinowicz, Nick Mohammed, and Miranda Richardson. It tells the story of Rocky and Ginger who lead a rescue mission when their daughter has been abducted to a highly-advanced poultry farm run by their old enemy Mrs. Tweedy.', '../assets/img/banner/ChickenRunDawnoftheNugget.avif', '../assets/video/1.mp4', '../assets/video/1.mp4', 'Animation, Adventure, Comedy', '../assets/img/img1/Chicken Run Dawn of the Nugget.jpg', 'assets/img/img1/Chicken Run Dawn of the Nugget.jpg'),
(20, 'The Exorcist: Believer', 'The Exorcist: Believer is a 2023 American supernatural horror film directed by David Gordon Green, who co-wrote the screenplay with Peter Sattler from a story by Scott Teems, Danny McBride, and Green. The sixth installment in The Exorcist franchise, it serves as a direct sequel to The Exorcist (1973). The film stars Leslie Odom Jr., Lidya Jewett, Olivia O‘Neill in her film debut, Jennifer Nettles, Norbert Leo Butz, and Ann Dowd. Ellen Burstyn and Linda Blair reprise their roles from the original film. Its plot follows a photographer who must confront the nadir of evil when his daughter and her best friend are possessed.', '../assets/img/banner/TheExorcistBeliever.jpg', '../assets/video/1.mp4', '../assets/video/1.mp4', 'Horror, Mystery, Thriller', '../assets/img/img1/The Exorcist Believer.jpg', 'assets/img/img1/The Exorcist Believer.jpg'),
(21, 'Rebel Moon - Part One: A Child of Fire', 'Rebel Moon – Part One: A Child of Fire, or simply Rebel Moon, is a 2023 American epic space opera film directed by Zack Snyder from a screenplay he co-wrote with Kurt Johnstad and Shay Hatten, based on a story Snyder conceived.[3][4][5][6] Its ensemble cast features Sofia Boutella, Djimon Hounsou, Ed Skrein, Michiel Huisman, Doona Bae, Ray Fisher, Charlie Hunnam, and Anthony Hopkins. The film is set in a fictional galaxy ruled by the imperialistic Motherworld, whose military, the Imperium, threatens a farming colony on the moon of Veldt. Kora, a former Imperium soldier, ventures on a quest to recruit warriors from across the galaxy to make a stand against the Imperium before they return to Veldt.', '../assets/img/banner/RebelMoon.jpg', '../assets/video/1.mp4', '../assets/video/1.mp4', 'Action, Adventure, Science Fiction', '../assets/img/img1/Rebel Moon - Part One A Child of Fire.jpg', 'assets/img/img1/Rebel Moon - Part One A Child of Fire.jpg'),
(22, 'Barbie', 'Barbie[a] is a 2023 fantasy comedy film, directed by Greta Gerwig, from a screenplay she wrote with Noah Baumbach. Based on the eponymous fashion dolls by Mattel, it is the first live-action Barbie film after numerous computer-animated films and specials. The film stars Margot Robbie as the title character and Ryan Gosling as Ken, and follows the pair on a journey of self-discovery through both Barbieland and the real world following an existential crisis. The film is also a commentary regarding patriarchy and the effects of feminism. The supporting cast includes America Ferrera, Michael Cera, Kate McKinnon, Issa Rae, Rhea Perlman and Will Ferrell.', '../assets/img/banner/Barbie.jpg', '../assets/video/1.mp4', '../assets/video/1.mp4', 'Comedy, Family, Fantasy', '../assets/img/img1/Barbie.jpg', 'assets/img/img1/Barbie.jpg'),
(23, 'Aquaman and the Lost Kingdom', 'Aquaman and the Lost Kingdom is a 2023 American superhero film based on the DC character Aquaman. Produced by DC Studios, Atomic Monster, the Safran Company, and Domain Entertainment, and distributed by Warner Bros. Pictures, it is the sequel to Aquaman (2018), and the 15th and final film in the DC Extended Universe (DCEU). The film was directed by James Wan from a screenplay by David Leslie Johnson-McGoldrick, and stars Jason Momoa as Arthur Curry / Aquaman, alongside Patrick Wilson, Amber Heard, Yahya Abdul-Mateen II, Randall Park, Dolph Lundgren, Temuera Morrison, Martin Short, and Nicole Kidman. In the film, Arthur must work with his half-brother Orm (Wilson) to prevent Black Manta (Abdul-Mateen II) from killing his family and using the cursed Black Trident to overheat the world while searching for the lost seventh kingdom of the seas.', '../assets/img/banner/AquamanandtheLostKingdom.jfif', '../assets/video/1.mp4', '../assets/video/1.mp4', 'Action, Adventure, Fantasy', '../assets/img/img1/Aquaman and the Lost Kingdom.jpg', 'assets/img/img1/Aquaman and the Lost Kingdom.jpg'),
(24, 'The Equalizer 3', 'The Equalizer 3 is a 2023 American vigilante action-thriller film directed by Antoine Fuqua. It is a sequel to The Equalizer 2 and the third and final installment of The Equalizer trilogy, which is loosely based on the television series of the same name. The film stars Denzel Washington, reprising his role as retired U.S. Marine and DIA officer Robert McCall, with Dakota Fanning, Eugenio Mastrandrea, David Denman, Gaia Scodellaro, and Remo Girone in supporting roles. In the film, McCall discovers that his new friends in a small town in South Italy are intimidated by members of the Camorra, where he sets out to free them from that threat.', '../assets/img/banner/TheEqualizer3.jpg', '../assets/video/1.mp4', '../assets/video/1.mp4', 'Action, Crime, Thriller', '../assets/img/img1/The Equalizer 3.jpg', 'assets/img/img1/The Equalizer 3.jpg'),
(25, 'Blue Beetle', 'Blue Beetle is a 2023 American superhero film based on the DC character Jaime Reyes / Blue Beetle. Produced by DC Studios and the Safran Company, and distributed by Warner Bros. Pictures, it is the 14th film in the DC Extended Universe (DCEU). The film was directed by Ángel Manuel Soto and written by Gareth Dunnet-Alcocer, and stars Xolo Maridueña as Reyes alongside Adriana Barraza, Damián Alcázar, Raoul Max Trujillo, Susan Sarandon, and George Lopez. The film focuses on Reyes, a recent college graduate who is bestowed with an armor that grants him superpowers after being accidentally chosen by an ancient alien relic known as the Scarab.', '../assets/img/banner/BlueBeetle.jfif', '../assets/video/1.mp4', '../assets/video/1.mp4', 'Action, Adventure, Science Fiction', '../assets/img/img1/Blue Beetle.jpg', 'assets/img/img1/Blue Beetle.jpg'),
(26, 'The Nun II', 'The Nun II (also known as The Nun: Chapter Two) is a 2023 American gothic supernatural horror film directed by Michael Chaves, with a screenplay written by Ian Goldberg, Richard Naing, and Akela Cooper from a story by Cooper.[6] Serving as a sequel to The Nun (2018) and the eighth installment in The Conjuring Universe franchise, the film stars Taissa Farmiga, Jonas Bloquet, and Bonnie Aarons, returning from the first film, with Storm Reid and Anna Popplewell joining the cast. Peter Safran and James Wan return as producers.', '../assets/img/banner/TheNunII.jpg', '../assets/video/1.mp4', '../assets/video/1.mp4', 'Horror, Mystery, Thriller', '../assets/img/img1/The Nun II.jpg', 'assets/img/img1/The Nun II.jpg'),
(27, 'Ferrari', 'Ferrari is a 2023 American biographical sports drama film directed by Michael Mann and written by Troy Kennedy Martin. Based on the 1991 biography Enzo Ferrari: The Man, the Cars, the Races, the Machine by motorsport journalist Brock Yates, the film follows the personal and professional struggles of Enzo Ferrari, the Italian founder of the car manufacturer Ferrari S.p.A., during the summer of 1957 as Scuderia Ferrari prepares to compete in the 1957 Mille Miglia. Adam Driver portrays the titular subject, and Penélope Cruz, Shailene Woodley, Sarah Gadon, Gabriel Leone, Jack O Connell, and Patrick Dempsey co-star.', '../assets/img/banner/Ferrari.jfif', '../assets/video/1.mp4', '../assets/video/1.mp4', 'Biography, Drama, Sport', '../assets/img/img1/Ferrari.jpg', 'assets/img/img1/Ferrari.jpg'),
(28, 'Meg 2', 'Meg 2: The Trench (titled Shark 2 in some territories[2]) is a 2023 science fiction action film directed by Ben Wheatley from a screenplay by Jon Hoeber, Erich Hoeber, and Dean Georgaris, based on the 1999 novel The Trench by Steve Alten. It serves as the sequel to The Meg (2018). The film stars Jason Statham, Wu Jing, Sophia Cai, Page Kennedy, Sergio Peris-Mencheta, Skyler Samuels and Cliff Curtis. Like the previous film, it follows a group of scientists who must outrun and outswim the titular megalodons when a malevolent mining operation threatens their mission and forces them into a high-stakes battle for survival.', '../assets/img/banner/Meg2.jpg', '../assets/video/1.mp4', '../assets/video/1.mp4', 'Action, Adventure, Horror', '../assets/img/img1/Meg 2.jpg', 'assets/img/img1/Meg 2.jpg'),
(29, 'Insidious', 'Insidious is an American horror franchise created by Leigh Whannell and James Wan. The films in the franchise include, Insidious (2011), Chapter 2 (2013), Chapter 3 (2015), The Last Key (2018), and The Red Door (2023). The films have grossed over $730 million worldwide on a combined budget of $42.5 million. The first two films were directed by Wan, the third by Whannell (who also served as the screenwriter for all five films), Adam Robitel directed the fourth installment, and Patrick Wilson directed the fifth installment (the films marked the respective directorial debuts for Whannell and Wilson). Jeremy Slater is set to direct the first spin-off and sixth installment. FilmDistrict released the first and second films, while Focus Features, Universal Pictures, Sony Pictures Releasing handled the third, fourth, and fifth, respectively.', '../assets/img/banner/Insidious.jpg', '../assets/video/1.mp4', '../assets/video/1.mp4', '(Horror, Mystery, Thriller', '../assets/img/img1/Insidious.jpg', 'assets/img/img1/Insidious.jpg'),
(30, 'The Little Mermaid', 'The Little Mermaid is a 2023 American musical romantic fantasy film directed by Rob Marshall from a screenplay written by David Magee. Co-produced by Walt Disney Pictures, DeLuca, Marshall, and Marc Platt Productions, it is a live-action adaptation of Disney s 1989 animated film of the same name, which itself is loosely based on the 1837 fairy tale by Hans Christian Andersen. The film stars singer Halle Bailey in the title role, alongside Jonah Hauer-King, Daveed Diggs, Awkwafina, Jacob Tremblay, Noma Dumezweni, Art Malik, Javier Bardem and Melissa McCarthy. The plot follows the mermaid princess Ariel, who is fascinated with the human world; after saving Prince Eric from a shipwreck, she makes a deal with the sea witch Ursula to walk on land.', '../assets/img/banner/TheLittleMermaid.jpeg', '../assets/video/1.mp4', '../assets/video/1.mp4', 'Adventure, Drama, Fantasy, Musical', '../assets/img/img1/The Little Mermaid.jfif', 'assets/img/img1/The Little Mermaid.jfif'),
(31, 'Amsterdam', 'Amsterdam is a 2022 period mystery comedy thriller film directed, written, and produced by David O. Russell and starring Christian Bale (who also produced the film), Margot Robbie, and John David Washington alongside an ensemble supporting cast including Chris Rock, Anya Taylor-Joy, Zoe Saldaña, Mike Myers, Michael Shannon, Timothy Olyphant, Andrea Riseborough, Taylor Swift, Matthias Schoenaerts, Alessandro Nivola, Rami Malek, and Robert De Niro. The story is based on the Business Plot, a 1933 political conspiracy in the United States, and follows three friends—a doctor, a nurse, and a lawyer—who reunite and seek to uncover the act following the mysterious murder of a retired U.S. general.', '../assets/img/banner/Amsterdam.jpg', '../assets/video/1.mp4', '../assets/video/1.mp4', ' Crime, Drama, Mystery', '../assets/img/img1/Amsterdam.jpg', 'assets/img/img1/Amsterdam.jpg'),
(32, 'Babylon', 'Babylon is a 2022 American epic historical black comedy drama film written and directed by Damien Chazelle. It features an ensemble cast that includes Brad Pitt, Margot Robbie, Diego Calva, Jean Smart, Jovan Adepo, Li Jun Li, P. J. Byrne, Lukas Haas, Olivia Hamilton, Max Minghella, Rory Scovel, Katherine Waterston, and Tobey Maguire. The film chronicles the rise and fall of multiple characters during Hollywood s transition from silent to sound films in the late 1920s.', '../assets/img/banner/Babylon.webp', '../assets/video/1.mp4', '../assets/video/1.mp4', ' Comedy, Drama, History', '../assets/img/img1/Babylon.jpg', 'assets/img/img1/Babylon.jpg'),
(33, 'Everything Everywhere All at Once', 'Everything Everywhere All at Once is a 2022 American absurdist comedy-drama film written and directed by Daniel Kwan and Daniel Scheinert,[a] who produced it with Anthony and Joe Russo and Jonathan Wang. The film incorporates elements from a number of genres and film media, including surreal comedy, science fiction, fantasy, martial arts films, immigrant narrative, and animation.[5][6][7] Michelle Yeoh stars as Evelyn Quan Wang, a Chinese-American immigrant who, while audited by the IRS, discovers that she must connect with parallel universe versions of herself to prevent a powerful being from destroying the multiverse. The film also stars Stephanie Hsu, Ke Huy Quan, Jamie Lee Curtis, Jenny Slate, Harry Shum Jr., and James Hong in supporting roles.', '../assets/img/banner/EverythingEverywhereAllatOnce.webp', '../assets/video/1.mp4', '../assets/video/1.mp4', 'Action, Adventure, Comedy', '../assets/img/img1/Everything Everywhere All at Once.jpg', 'assets/img/img1/Everything Everywhere All at Once.jpg'),
(34, 'The Northman', 'The Northman is a 2022 American epic historical action thriller film directed by Robert Eggers from a screenplay he co-wrote with Sjón. Based on the legend of Amleth, the film stars Alexander Skarsgård (who also produced), Nicole Kidman, Claes Bang, Anya Taylor-Joy, Gustav Lindh, with Ethan Hawke, Björk, and Willem Dafoe. It focuses on Amleth, a Viking prince who sets out on a quest to avenge the murder of his father. The film is heavily influenced by Norse mythology.[6]', '../assets/img/banner/The Northman.jpg', '../assets/video/1.mp4', '../assets/video/1.mp4', 'Action, Drama, History', '../assets/img/img1/The Northman.jpg', 'assets/img/img1/The Northman.jpg'),
(35, 'Men ', 'Men is a 2022 British folk horror[4] film written and directed by Alex Garland. It stars Jessie Buckley as a widowed woman who travels on holiday to a countryside village but becomes disturbed and tormented by the strange men in the village, all portrayed by Rory Kinnear. The film was released in the United States on 20 May 2022 by A24 and in the United Kingdom on 1 June 2022 by Entertainment Film Distributors. It received generally positive reviews, though its narrative approach received some criticism.', '../assets/img/banner/Men.avif', '../assets/video/1.mp4', '../assets/video/1.mp4', 'Drama, Horror, Mystery', '../assets/img/img1/Men.jpg', 'assets/img/img1/Men.jpg'),
(36, 'The Fabelmans', 'The Fabelmans is a 2022 American coming-of-age drama film directed by Steven Spielberg, who co-wrote and produced it with Tony Kushner. The film is a semi-autobiographical story loosely based on Spielberg s adolescence and first years as a filmmaker. The plot is told through an original story of the fictional Sammy Fabelman, a young aspiring filmmaker who explores how the power of films can help him see the truth about his dysfunctional family and those around him. It stars Gabriel LaBelle as Sammy, alongside Michelle Williams, Paul Dano, Seth Rogen, and Judd Hirsch in supporting roles. The film is dedicated to the memories of Spielberg s real-life parents, Leah Adler and Arnold Spielberg, who died in 2017 and 2020, respectively.[7]', '../assets/img/banner/The Fabelmans.avif', '../assets/video/1.mp4', '../assets/video/1.mp4', 'Coming-of-age, Drama, History', '../assets/img/img1/The Fabelmans.jpg', 'assets/img/img1/The Fabelmans.jpg'),
(37, 'The Unbearable Weight of Massive Talent', 'The Unbearable Weight of Massive Talent is a 2022 American action comedy film directed by Tom Gormican, who co-wrote the screenplay with Kevin Etten. It stars Nicolas Cage as a fictionalized version of himself, along with a supporting cast including Pedro Pascal, Sharon Horgan, Ike Barinholtz, Alessandra Mastronardi, Jacob Scipio, Neil Patrick Harris, Tiffany Haddish and Caroline Boulton. The film premiered at South by Southwest on March 12, 2022, and was released in the United States on April 22, 2022, by Lionsgate. It received generally positive reviews from critics, with praise for the performances and chemistry of Cage and Pascal, but performed poorly at the box office, grossing only $29.1 million against its $30 million budget.', '../assets/img/banner/TheUnbearableWeightofMassiveTalent.jpg', '../assets/video/1.mp4', '../assets/video/1.mp4', 'Action, Comedy, Crime', '../assets/img/img1/The Unbearable Weight of Massive Talent.jfif', 'assets/img/img1/The Unbearable Weight of Massive Talent.jfif'),
(38, 'The Lost City', 'The Lost City is a 2022 American action-adventure comedy film directed by Aaron and Adam Nee, who co-wrote the screenplay with Oren Uziel and Dana Fox, based on a story by Seth Gordon.[5] Starring Sandra Bullock, Channing Tatum, Daniel Radcliffe, Da Vine Joy Randolph and Brad Pitt, the film follows a romance novelist and her cover model, who must escape a billionaire who wants her to find a lost ancient burial chamber described in one of her books.The project was announced in October 2020 with Bullock joining as producer and star, and Tatum joining that December; the rest of the cast was announced the following year. Filming took place in the Dominican Republic from May to August 2021. The film premiered at South by Southwest on March 12, 2022, and was theatrically released by Paramount Pictures in the United States on March 25, 2022. It received generally positive reviews from critics and grossed over $190 million worldwide against a $68 million budget.', '../assets/img/banner/TheLostCity.jpg', '../assets/video/1.mp4', '../assets/video/1.mp4', 'Action, Adventure, Comedy', '../assets/img/img1/The Lost City.jfif', 'assets/img/img1/The Lost City.jfif'),
(39, 'Black Adam', 'Black Adam is a 2022 American superhero film based on the DC character of the same name. Produced by New Line Cinema, DC Films, Seven Bucks Productions, and FlynnPictureCo. and distributed by Warner Bros. Pictures, it is a spin-off to Shazam! (2019) and the 11th film in the DC Extended Universe (DCEU). The film was directed by Jaume Collet-Serra and written by Adam Sztykiel and the writing team of Rory Haines and Sohrab Noshirvani. It stars Dwayne Johnson as Teth-Adam / Black Adam, an ancient superhuman who is released from his magic imprisonment by a group of archeologists to free the nation of Kahndaq from the crime syndicate Intergang, whose local leader plans to obtain an ancient relic called the Crown of Sabbac to take control of it. Aldis Hodge, Noah Centineo, Sarah Shahi, Marwan Kenzari, Quintessa Swindell, and Pierce Brosnan appear in supporting roles.', '../assets/img/banner/BlackAdam.jpeg', '../assets/video/1.mp4', '../assets/video/1.mp4', 'Action, Adventure, Fantasy', '../assets/img/img1/Black Adam.jfif', 'assets/img/img1/Black Adam.jfif'),
(40, 'Nope', 'Nope (stylized in all caps) is a 2022 American neo-Western science fiction horror film written, directed, and produced by Jordan Peele, under his and Ian Cooper s Monkeypaw Productions banner. It stars Daniel Kaluuya and Keke Palmer as horse-wrangling siblings attempting to capture evidence of an unidentified flying object in Agua Dulce, California. Appearing in supporting roles are Steven Yeun, Michael Wincott, Brandon Perea, and Keith David. Peele officially announced his then-untitled third directorial film in November 2020. He cited King Kong (1933), Jurassic Park (1993), Close Encounters of the Third Kind (1977), Jaws (1975), Signs (2002), and The Wizard of Oz (1939) as his main inspirations. Palmer and Kaluuya joined in February 2021. Yeun was cast the next month, and Peele revealed the title in July 2021. Filming began in June 2021 in northern Los Angeles County, and wrapped in November.', '../assets/img/banner/Nope.jpeg', '../assets/video/1.mp4', '../assets/video/1.mp4', 'Science fiction, Horror, Mystery', '../assets/img/img1/Nope.jpg', 'assets/img/img1/Nope.jpg'),
(41, 'Till', 'Till is a 2022 biographical drama film directed by Chinonye Chukwu and written by Michael Reilly, Keith Beauchamp, and Chukwu, and produced by Beauchamp, Reilly, and Whoopi Goldberg. It is based on the true story of Mamie Till-Bradley, an educator and activist who pursued justice after the murder of her 14-year-old son Emmett in August 1955. The film stars Danielle Deadwyler as Mamie and Jalyn Hall as Emmett. Kevin Carroll, Frankie Faison, Haley Bennett, Jayme Lawson, Tosin Cole, Sean Patrick Thomas, John Douglas Thompson, Roger Guenveur Smith, and Goldberg also appear in supporting roles.The film was officially announced in August 2020, though a project about Emmett Till s murder had been in the works for several years prior. Much of the main cast joined the following summer, and filming took place in Bartow County, Georgia that fall. It is the second major media property based on Mamie Till to be released in 2022, following the television series Women of the Movement. The film is dedicated in memory of Mamie Till s life and legacy and its release coincided with the October 2022 unveiling of a statue in Emmett Till s memory in Greenwood, Mississippi.[5]', '../assets/img/banner/Till.webp', '../assets/video/1.mp4', '../assets/video/1.mp4', ' Biography, Drama, History, Legal', '../assets/img/img1/Till.jpg', 'assets/img/img1/Till.jpg'),
(42, 'Women Talking', 'Women Talking is a 2022 drama film written and directed by Sarah Polley. Based on the Canadian 2018 novel of the same name by Miriam Toews, itself inspired by the gas-facilitated rapes that occurred at the Manitoba Colony, a remote and isolated Mennonite community in Bolivia,[4] the film follows a group of American Mennonite women who discuss their future, following their discovery of the men s history of raping the colony s women. It features an ensemble cast that includes Rooney Mara, Claire Foy, Jessie Buckley, Judith Ivey, Ben Whishaw, and Frances McDormand, who also served as a producer on the film.Women Talking premiered at the 49th Telluride Film Festival on September 2, 2022, and was released in the United States via select theaters on December 23, 2022, before a wide release on January 27, 2023, by United Artists Releasing.[5][6] The film received positive reviews from critics, who lauded Polley s screenplay and direction, the performances of the cast (particularly of Foy, Buckley, and Whishaw) and score. It was named one of the top ten films of 2022 by the National Board of Review and the American Film Institute,[7] won Best Adapted Screenplay at the 28th Critics Choice Awards, 75th Writers Guild of America Awards, and the 95th Academy Awards, where it was also nominated for Best Picture. [8][9]', '../assets/img/banner/WomenTalking.jpg', '../assets/video/1.mp4', '../assets/video/1.mp4', 'Drama, History, Western', '../assets/img/img1/Women Talking.jpg', 'assets/img/img1/Women Talking.jpg'),
(43, 'TÁR', 'Tár is a 2022 psychological drama film written and directed by Todd Field. Cate Blanchett stars as Lydia Tár, a world-renowned conductor facing accusations of misconduct. The supporting cast includes Nina Hoss, Noémie Merlant, Sophie Kauer, Julian Glover, Allan Corduner, and Mark Strong. Tár premiered at the 79th Venice International Film Festival in September 2022, where Blanchett won the Volpi Cup for Best Actress. It had a limited theatrical release in the United States on October 7, 2022, before a wide release on October 28 through Focus Features.[7] Tár received critical acclaim, especially for Blanchett s performance and Field s screenplay and direction. It became the fourth film in history to be named the best of the year by the New York Film Critics Circle, the Los Angeles Film Critics Association, the London Film Critics Circle as well as the National Society of Film Critics.[8] It was named the year s best film by more critics than any other film released in 2022.[9][10] At the 95th Academy Awards, Tár was nominated for six awards, including Best Picture and Best Director. Blanchett won Best Actress at the BAFTAs, Golden Globes, and Critics Choice Movie Awards and was nominated at the Academy Awards and Screen Actors Guild Awards.', '../assets/img/banner/TÁR.webp', '../assets/video/1.mp4', '../assets/video/1.mp4', 'Drama, Music, Biography', '../assets/img/img1/TÁR.jpg', 'assets/img/img1/TÁR.jpg'),
(44, 'She Said', 'She Said is a 2022 American drama film directed by Maria Schrader and written by Rebecca Lenkiewicz, based on the 2019 book of the same title by reporters Jodi Kantor and Megan Twohey. The film stars Carey Mulligan and Zoe Kazan as Twohey and Kantor, respectively, and follows their New York Times investigation that exposed Harvey Weinstein s history of abuse and sexual misconduct against women. Patricia Clarkson, Jennifer Ehle, Samantha Morton, and Andre Braugher, in his final film role before his death in 2023. Ashley Judd appears as herself. The book was optioned in 2018, and the film was announced in 2021 as a co-production between Annapurna Pictures and Plan B Entertainment. Filming took place in New York with cinematographer Natasha Braier. During post-production, editing was completed by Hansjörg Weißbrich and the score was composed by Nicholas Britell.', '../assets/img/banner/SheSaid.jpg', '../assets/video/1.mp4', '../assets/video/1.mp4', 'Drama, History, Biography', '../assets/img/img1/She Said.jfif', 'assets/img/img1/She Said.jfif'),
(45, 'The Banshees of Inisherin', 'The Banshees of Inisherin (/ˌɪnɪˈʃɛrɪn/) is a 2022 black tragicomedy film directed, written, and co-produced by Martin McDonagh.[6][7][8] Set on a remote, fictional island off the west coast of Ireland in the 1920s,[a] the film stars Colin Farrell and Brendan Gleeson as two lifelong friends who find themselves at an impasse when one abruptly ends their relationship, with severe consequences for both of them. Kerry Condon and Barry Keoghan co-star. It reunites Farrell and Gleeson after McDonagh s directorial debut In Bruges (2008).[9][10][11]The film had its world premiere on 5 September 2022 at the 79th Venice International Film Festival, where Farrell won the Volpi Cup for Best Actor and McDonagh won the Golden Osella for Best Screenplay.[12] It was theatrically released in Ireland, the United Kingdom, and the United States on 21 October 2022 by Searchlight Pictures. The film received widespread critical acclaim, with particular praise for McDonagh s direction and screenplay, the performances of the cast, and Carter Burwell s score. It grossed $52 million worldwide against a $20 million budget.', '../assets/img/banner/TheBansheesofInisherin.jpg', '../assets/video/1.mp4', '../assets/video/1.mp4', 'Comedy, Drama, Crime', '../assets/img/img1/The Banshees of Inisherin.jfif', 'assets/img/img1/The Banshees of Inisherin.jfif'),
(46, 'A Quiet Place: Day One', 'A Quiet Place: Day One is an upcoming American apocalyptic horror film that serves as a spin-off prequel in the A Quiet Place film series. It is directed by Michael Sarnoski, who wrote the screenplay based on an original story by John Krasinski and Sarnoski.[2] The film stars Lupita Nyong o, Joseph Quinn, and Alex Wolff, with Djimon Hounsou reprising his role from the 2020 film A Quiet Place Part II. Paramount Pictures plans to release A Quiet Place: Day One in theaters in the United States on June 28, 2024.', '../assets/img/banner/AQuiet PlaceDayOne.jpg', '../assets/video/1.mp4', '../assets/video/1.mp4', 'Horror, Thriller, Drama, Science Fiction', '../assets/img/img1/A Quiet Place Day One.jpg', 'assets/img/img1/A Quiet Place Day One.jpg'),
(47, 'The Color Purple', 'The Color Purple is a 1982 epistolary novel by American author Alice Walker that won the 1983 Pulitzer Prize for Fiction and the National Book Award for Fiction.[1][a] The novel has been the target of censors numerous times, and appears on the American Library Association list of the 100 Most Frequently Challenged Books of 2000–2010 at number seventeen because of the sometimes explicit content, particularly in terms of violence.[2][3] In 2003, the book was listed on the BBC s The Big Read poll of the UK s \"best-loved novels.\"[4] The novel has been adapted into various other media, including feature films in 1985 and 2023, a 2005 musical, and a 2008 radio serial on Woman s Hour on BBC Radio 4', '../assets/img/banner/TheColorPurple.jpg', '../assets/video/1.mp4', '../assets/video/1.mp4', 'Drama, Musical, Romance', '../assets/img/img1/The Color Purple.jfif', 'assets/img/img1/The Color Purple.jfif'),
(48, 'Poor Things', 'Poor Things is a 2023 film directed by Yorgos Lanthimos and written by Tony McNamara. It stars Emma Stone, Mark Ruffalo, Willem Dafoe, Ramy Youssef, Christopher Abbott, and Jerrod Carmichael.[5] Based on the 1992 novel by Alasdair Gray, the plot follows Bella Baxter, a young woman in Victorian London who comes to life through a brain transplant and embarks on an odyssey of self-discovery.Poor Things premiered at the 80th Venice International Film Festival on September 1, 2023, where it won the Golden Lion. It was released in the United States on December 8, 2023, and in Ireland and the United Kingdom on January 12, 2024, by Searchlight Pictures. The film was named one of the top 10 films of 2023 by the American Film Institute and the National Board of Review and has grossed over $100 million worldwide. It received five wins at the 77th British Academy Film Awards, and was nominated in 11 categories at the 96th Academy Awards, including Best Picture. Poor Things also won two Golden Globe Awards: Best Motion Picture – Musical or Comedy and Best Actress – Motion Picture Musical or Comedy for Stone.', '../assets/img/banner/PoorThings.webp', '../assets/video/1.mp4', '../assets/video/1.mp4', 'Comedy, Drama, Fantasy, Romance', '../assets/img/img1/Poor Things.jpg', 'assets/img/img1/Poor Things.jpg');

--
-- Indexes for dumped tables
--

--
-- Indexes for table `auto`
--
ALTER TABLE `auto`
  ADD PRIMARY KEY (`id`);

--
-- Indexes for table `contactus`
--
ALTER TABLE `contactus`
  ADD PRIMARY KEY (`id`);

--
-- Indexes for table `movies`
--
ALTER TABLE `movies`
  ADD PRIMARY KEY (`id`);

--
-- AUTO_INCREMENT for dumped tables
--

--
-- AUTO_INCREMENT for table `auto`
--
ALTER TABLE `auto`
  MODIFY `id` int(11) NOT NULL AUTO_INCREMENT, AUTO_INCREMENT=49;

--
-- AUTO_INCREMENT for table `contactus`
--
ALTER TABLE `contactus`
  MODIFY `id` int(11) NOT NULL AUTO_INCREMENT, AUTO_INCREMENT=13;

--
-- AUTO_INCREMENT for table `movies`
--
ALTER TABLE `movies`
  MODIFY `id` int(11) NOT NULL AUTO_INCREMENT, AUTO_INCREMENT=49;

--
-- Constraints for dumped tables
--

--
-- Constraints for table `auto`
--
ALTER TABLE `auto`
  ADD CONSTRAINT `auto_ibfk_1` FOREIGN KEY (`id`) REFERENCES `movies` (`id`);
COMMIT;

/*!40101 SET CHARACTER_SET_CLIENT=@OLD_CHARACTER_SET_CLIENT */;
/*!40101 SET CHARACTER_SET_RESULTS=@OLD_CHARACTER_SET_RESULTS */;
/*!40101 SET COLLATION_CONNECTION=@OLD_COLLATION_CONNECTION */;
